student_id,PriorPreparation,Attendance,ExamDifficulty,StudyConsistency,AssignmentCompletion,Performance
1,Medium,Low,Easy,Low,Medium,Pass
2,High,Low,Medium,Low,Low,Pass
3,Low,Low,Medium,Low,Low,Pass
4,High,Low,Hard,Medium,Medium,Fail
5,High,Medium,Easy,Low,Medium,Pass
6,High,High,Medium,High,Medium,Pass
7,High,Medium,Hard,High,High,Fail
8,Low,Medium,Easy,Low,Low,Fail
9,Medium,Medium,Medium,Low,Low,Pass
10,Medium,Medium,Easy,Medium,Low,Pass
11,High,Medium,Medium,High,High,Distinction
12,Low,Low,Medium,Low,Low,Pass
13,High,Medium,Medium,Medium,High,Pass
14,Low,Low,Medium,Low,Low,Pass
15,Medium,Low,Hard,Medium,Low,Fail
16,Low,Medium,Hard,Low,Low,Fail
17,High,Medium,Hard,High,Low,Pass
18,Medium,Medium,Easy,Medium,Low,Pass
19,Medium,High,Hard,Medium,Medium,Fail
20,High,High,Easy,High,High,Pass
21,High,Medium,Hard,High,Low,Fail
22,Low,High,Hard,High,Medium,Fail
23,High,High,Easy,High,Low,Pass
24,High,Low,Medium,Medium,Medium,Distinction
25,Medium,Low,Medium,Medium,Low,Fail
26,High,Medium,Medium,High,Medium,Fail
27,Medium,Medium,Easy,Low,Low,Pass
28,Low,High,Hard,Low,Low,Pass
29,Low,Low,Hard,Low,Low,Pass
30,High,Low,Easy,Medium,Medium,Pass
31,High,Medium,Hard,Low,Low,Fail
32,High,Low,Easy,Medium,Medium,Pass
33,Low,High,Medium,High,High,Fail
34,High,High,Hard,High,High,Fail
35,Medium,Low,Medium,Low,Low,Distinction
36,Low,High,Medium,Medium,High,Distinction
37,Medium,High,Easy,Medium,High,Distinction
38,Medium,High,Easy,High,High,Distinction
39,Low,High,Easy,Low,Low,Pass
40,Low,Low,Hard,Low,Low,Fail
41,Medium,Medium,Medium,High,Medium,Pass
42,Low,Medium,Medium,Low,Low,Pass
43,Low,Medium,Hard,High,Low,Fail
44,Low,High,Hard,High,Medium,Fail
45,High,High,Medium,High,High,Fail
46,High,Medium,Medium,High,Medium,Fail
47,Low,Medium,Easy,Medium,Medium,Pass
48,Medium,Medium,Medium,High,High,Fail
49,Medium,Medium,Easy,High,High,Pass
50,High,Medium,Medium,Low,Low,Pass
51,High,Medium,Hard,High,Medium,Fail
52,Medium,High,Hard,High,High,Pass
53,Low,Low,Hard,Medium,Medium,Pass
54,Low,High,Hard,High,High,Distinction
55,Low,High,Medium,High,High,Distinction
56,High,Medium,Hard,Low,Medium,Pass
57,Low,High,Medium,Medium,High,Pass
58,Low,Low,Medium,Medium,High,Pass
59,Medium,Medium,Hard,Medium,High,Fail
60,High,Low,Hard,Low,Low,Fail
61,High,Medium,Medium,High,Medium,Pass
62,Low,High,Easy,High,High,Distinction
63,High,Medium,Medium,Low,Medium,Pass
64,Medium,High,Hard,Medium,Medium,Pass
65,Medium,Medium,Easy,Medium,High,Distinction
66,High,Medium,Medium,High,Low,Fail
67,Medium,Medium,Medium,Medium,Medium,Fail
68,Medium,High,Hard,Medium,Low,Fail
69,Medium,Medium,Hard,High,High,Pass
70,Low,Low,Easy,Low,Medium,Fail
71,Medium,Medium,Easy,Medium,Medium,Pass
72,Medium,Low,Hard,Medium,Low,Fail
73,Low,High,Medium,Low,Low,Pass
74,Medium,High,Medium,High,High,Distinction
75,High,Medium,Hard,High,High,Pass
76,High,High,Medium,Medium,Low,Pass
77,High,Medium,Medium,Medium,Low,Fail
78,Low,Medium,Medium,Low,Low,Pass
79,High,Low,Medium,Medium,Medium,Fail
80,Medium,High,Medium,High,High,Distinction
81,Medium,Low,Medium,Medium,High,Distinction
82,Medium,High,Medium,High,Medium,Fail
83,Medium,Low,Medium,Medium,Medium,Fail
84,Medium,Low,Medium,Low,Low,Pass
85,Low,Medium,Easy,Low,Low,Pass
86,Low,Medium,Hard,Low,Medium,Pass
87,Low,Low,Easy,Low,High,Pass
88,Medium,High,Medium,High,High,Pass
89,Low,Low,Easy,Low,Low,Fail
90,Medium,High,Easy,High,High,Pass
91,High,High,Easy,Low,Low,Pass
92,High,Medium,Hard,Low,Medium,Pass
93,Low,High,Hard,Medium,Low,Distinction
94,High,Medium,Medium,Medium,Medium,Pass
95,High,High,Easy,High,High,Distinction
96,High,Medium,Hard,High,Medium,Pass
97,Medium,Medium,Medium,Medium,Medium,Distinction
98,High,Low,Hard,Low,Low,Fail
99,Medium,Low,Hard,Low,Low,Pass
100,Medium,High,Hard,Medium,Low,Pass
101,Low,High,Medium,High,High,Distinction
102,Medium,High,Easy,Medium,Medium,Pass
103,Medium,Medium,Medium,Medium,Medium,Pass
104,High,Medium,Easy,Low,Low,Fail
105,Medium,High,Easy,Medium,Medium,Pass
106,High,Medium,Easy,Low,Low,Fail
107,Low,Low,Medium,Low,High,Pass
108,Medium,Low,Hard,Low,Medium,Pass
109,Medium,Medium,Easy,Low,High,Pass
110,High,Medium,Easy,High,Low,Fail
111,Medium,Medium,Hard,Low,Medium,Pass
112,High,Low,Medium,Medium,Medium,Distinction
113,High,Medium,Medium,High,High,Distinction
114,Low,Low,Medium,Low,Low,Fail
115,Low,Medium,Medium,Low,Low,Pass
116,High,Medium,Medium,High,High,Distinction
117,Medium,High,Medium,Medium,Medium,Distinction
118,High,Low,Easy,Medium,Medium,Pass
119,Low,Low,Medium,Low,High,Pass
120,Medium,Low,Easy,Low,Low,Fail
121,Low,High,Hard,Medium,High,Distinction
122,Medium,Medium,Easy,High,High,Distinction
123,High,Low,Medium,Medium,Medium,Fail
124,Medium,Medium,Medium,High,Medium,Pass
125,Low,High,Hard,Medium,Medium,Fail
126,Medium,High,Medium,Medium,High,Distinction
127,Medium,Medium,Easy,Medium,High,Distinction
128,High,Low,Medium,High,High,Distinction
129,Low,High,Medium,Low,Low,Pass
130,Medium,Low,Hard,High,High,Fail
131,High,Medium,Hard,High,Medium,Pass
132,High,Low,Medium,Medium,High,Pass
133,High,High,Easy,High,High,Distinction
134,Medium,High,Easy,Medium,Medium,Distinction
135,Medium,Low,Medium,Low,Low,Pass
136,Medium,Medium,Easy,Medium,Medium,Pass
137,High,Low,Hard,High,High,Pass
138,Medium,High,Hard,Medium,Low,Fail
139,Medium,High,Hard,Medium,Medium,Pass
140,High,Medium,Medium,Medium,Medium,Distinction
141,Medium,Medium,Medium,High,High,Distinction
142,Medium,Medium,Hard,High,High,Fail
143,Low,Medium,Hard,High,High,Pass
144,Low,Medium,Hard,Low,Medium,Distinction
145,Low,High,Easy,Medium,Low,Pass
146,Medium,High,Easy,Low,Medium,Pass
147,Low,High,Easy,Medium,Medium,Pass
148,Low,High,Hard,Medium,Low,Fail
149,Medium,Medium,Medium,Medium,Medium,Distinction
150,Low,Medium,Medium,Low,Low,Pass
151,High,Medium,Hard,High,Medium,Pass
152,Medium,High,Easy,High,High,Distinction
153,Low,High,Medium,Medium,Medium,Pass
154,Medium,High,Medium,High,High,Distinction
155,Medium,Medium,Medium,Medium,Medium,Fail
156,Low,High,Easy,Low,Low,Distinction
157,Medium,High,Hard,Medium,High,Pass
158,High,High,Medium,Medium,High,Pass
159,High,High,Hard,High,High,Distinction
160,Medium,High,Easy,Medium,Medium,Pass
161,Medium,Medium,Hard,High,Medium,Fail
162,Low,High,Medium,High,Medium,Fail
163,High,High,Medium,High,Medium,Distinction
164,Medium,Medium,Easy,High,Medium,Pass
165,Medium,High,Hard,Medium,Medium,Fail
166,Medium,Low,Medium,Low,High,Fail
167,Medium,Medium,Hard,High,Low,Pass
168,Medium,High,Medium,Medium,Low,Fail
169,High,Medium,Medium,High,High,Fail
170,High,Low,Easy,Medium,Low,Pass
171,Low,Low,Hard,Low,Low,Pass
172,Low,High,Easy,Low,Low,Fail
173,Medium,Low,Easy,Medium,Low,Fail
174,Low,Low,Hard,Low,Medium,Pass
175,High,Medium,Easy,High,High,Fail
176,High,High,Medium,High,High,Fail
177,Medium,Medium,Medium,Medium,High,Fail
178,Low,Medium,Easy,Low,Medium,Pass
179,Medium,High,Medium,Medium,Medium,Fail
180,High,High,Medium,High,High,Pass
181,Medium,Low,Medium,Low,Low,Fail
182,Medium,Medium,Medium,Low,High,Fail
183,High,Low,Easy,High,High,Distinction
184,Medium,Medium,Medium,Low,Low,Pass
185,High,High,Hard,High,High,Pass
186,Medium,Low,Medium,Low,Low,Pass
187,Medium,High,Medium,High,High,Distinction
188,High,Medium,Medium,Low,High,Distinction
189,Low,Low,Hard,Low,Low,Fail
190,High,Medium,Medium,Low,Medium,Fail
191,High,Low,Medium,Medium,Medium,Pass
192,High,Medium,Easy,Low,Low,Pass
193,Medium,Medium,Medium,Medium,Medium,Pass
194,High,Low,Medium,Low,Medium,Pass
195,Medium,Low,Medium,Medium,Low,Fail
196,Low,Low,Easy,Low,Low,Pass
197,Low,Medium,Hard,Medium,High,Distinction
198,Low,High,Easy,Low,High,Distinction
199,Medium,Medium,Hard,Medium,Low,Fail
200,Medium,High,Medium,High,High,Fail
201,High,Low,Medium,Medium,Medium,Pass
202,Medium,Medium,Easy,Medium,Low,Pass
203,High,Medium,Hard,High,High,Pass
204,Low,Low,Medium,Medium,Medium,Fail
205,High,Medium,Hard,High,High,Distinction
206,Medium,Medium,Medium,High,High,Pass
207,Low,Medium,Medium,Low,Low,Pass
208,Medium,Medium,Easy,High,Low,Pass
209,High,Medium,Medium,Medium,Medium,Pass
210,High,Medium,Hard,High,Medium,Pass
211,Low,Low,Easy,Medium,Medium,Pass
212,Medium,Low,Easy,Low,Low,Pass
213,Low,Medium,Easy,Low,Low,Pass
214,High,Medium,Easy,Low,Medium,Pass
215,High,Medium,Hard,High,Medium,Pass
216,Low,Medium,Hard,Medium,Medium,Pass
217,High,Medium,Medium,High,High,Distinction
218,High,High,Medium,High,High,Pass
219,Medium,Medium,Easy,Low,High,Pass
220,Low,Low,Easy,Medium,Low,Pass
221,High,High,Easy,High,High,Pass
222,Medium,Low,Hard,Medium,High,Fail
223,Medium,Medium,Medium,Low,Low,Fail
224,High,Medium,Medium,Medium,High,Pass
225,High,Medium,Hard,High,High,Pass
226,Medium,Medium,Hard,High,High,Fail
227,Low,Medium,Hard,Medium,Low,Pass
228,High,Medium,Hard,Medium,High,Fail
229,Medium,High,Easy,Medium,Medium,Fail
230,Low,Medium,Easy,High,Medium,Fail
231,High,High,Medium,High,Medium,Pass
232,High,Medium,Easy,High,High,Fail
233,Low,Medium,Hard,Medium,Medium,Pass
234,Low,Medium,Medium,Low,Low,Pass
235,Medium,Low,Hard,Medium,Low,Fail
236,Low,Low,Medium,Low,Low,Fail
237,Medium,Low,Hard,Low,Low,Fail
238,High,Medium,Medium,Medium,Medium,Distinction
239,Low,Low,Hard,Low,Medium,Pass
240,High,High,Medium,Low,Low,Pass
241,Low,High,Medium,Medium,Medium,Distinction
242,Low,High,Medium,Low,Low,Fail
243,Low,High,Medium,High,High,Pass
244,High,Low,Medium,High,High,Pass
245,Low,Medium,Hard,Medium,High,Pass
246,High,Medium,Medium,High,High,Distinction
247,High,Low,Medium,High,High,Pass
248,Low,Medium,Medium,Medium,Medium,Pass
249,Medium,Low,Hard,Low,High,Pass
250,High,High,Easy,High,Medium,Distinction
251,Medium,High,Easy,High,High,Fail
252,Low,High,Medium,Medium,Medium,Pass
253,Medium,High,Medium,High,High,Pass
254,Medium,Medium,Easy,Low,Medium,Pass
255,Medium,Medium,Easy,Low,Low,Distinction
256,Low,High,Medium,Low,Medium,Pass
257,High,Medium,Easy,High,High,Pass
258,Medium,Low,Medium,High,High,Distinction
259,High,Medium,Hard,High,Medium,Fail
260,Low,High,Easy,Medium,Medium,Distinction
261,Medium,Medium,Easy,Medium,High,Distinction
262,Medium,High,Hard,Low,High,Pass
263,Medium,Medium,Medium,High,High,Distinction
264,Low,High,Medium,High,Low,Fail
265,Low,Low,Medium,Medium,Medium,Distinction
266,High,High,Easy,High,High,Pass
267,Medium,Medium,Medium,Low,High,Pass
268,Medium,High,Medium,High,High,Distinction
269,Low,Low,Medium,Low,Medium,Pass
270,Medium,Medium,Medium,Medium,Medium,Distinction
271,Medium,High,Medium,Medium,Low,Fail
272,Medium,Medium,Easy,Medium,Medium,Pass
273,High,High,Hard,Medium,Medium,Pass
274,Medium,Medium,Easy,Low,Low,Fail
275,Medium,Medium,Easy,High,Medium,Pass
276,Medium,Medium,Hard,Medium,Medium,Pass
277,Medium,Low,Hard,Medium,High,Pass
278,Medium,Low,Medium,High,High,Pass
279,Medium,High,Medium,High,High,Distinction
280,Medium,Medium,Medium,Low,Low,Fail
281,Medium,High,Easy,High,High,Pass
282,High,Medium,Hard,Medium,High,Distinction
283,Low,Medium,Medium,Low,Low,Fail
284,Medium,Medium,Medium,Medium,Medium,Pass
285,Low,High,Hard,Low,Low,Pass
286,Medium,High,Easy,High,Medium,Pass
287,High,Medium,Hard,High,High,Fail
288,Medium,High,Hard,High,High,Pass
289,Medium,Low,Medium,Medium,High,Pass
290,Medium,Low,Hard,Low,Low,Fail
291,Low,Medium,Medium,Medium,High,Distinction
292,High,Low,Easy,Low,Low,Pass
293,Medium,Medium,Easy,High,Medium,Pass
294,High,High,Medium,High,High,Pass
295,Low,Medium,Easy,High,Medium,Pass
296,Low,High,Medium,Medium,High,Distinction
297,Low,Low,Medium,Low,High,Distinction
298,High,High,Easy,Medium,Medium,Pass
299,Medium,Medium,Medium,Low,Low,Pass
300,Medium,Low,Medium,Medium,Low,Pass
301,Medium,Medium,Easy,Medium,Medium,Fail
302,High,Low,Medium,High,High,Distinction
303,High,Medium,Easy,High,Medium,Pass
304,High,Low,Medium,Medium,Medium,Distinction
305,High,Low,Hard,Low,High,Distinction
306,Medium,Medium,Hard,High,High,Distinction
307,Low,Medium,Easy,High,Medium,Distinction
308,Medium,Medium,Hard,High,High,Fail
309,Low,Low,Medium,Low,Low,Pass
310,High,Medium,Hard,Medium,High,Distinction
311,High,Medium,Easy,High,Medium,Fail
312,Medium,Low,Easy,Low,Medium,Distinction
313,Medium,High,Easy,High,High,Pass
314,Low,Medium,Medium,Medium,High,Distinction
315,Medium,Low,Hard,Low,Medium,Fail
316,Low,Low,Hard,Low,Low,Fail
317,Medium,Medium,Medium,Low,Low,Pass
318,High,Low,Medium,High,Low,Pass
319,Low,Medium,Medium,Medium,Low,Fail
320,Medium,Low,Easy,Medium,Low,Pass
321,High,Medium,Medium,Medium,Low,Fail
322,High,High,Medium,High,High,Pass
323,Low,Medium,Easy,High,High,Pass
324,High,Low,Medium,High,High,Distinction
325,Medium,Medium,Hard,Medium,High,Distinction
326,Medium,Medium,Medium,Medium,Medium,Pass
327,Low,Medium,Medium,Medium,Low,Fail
328,Low,Medium,Medium,Medium,Medium,Distinction
329,Low,Medium,Easy,High,High,Pass
330,High,Medium,Hard,High,Low,Fail
331,Low,Low,Medium,Medium,Low,Pass
332,Medium,Low,Easy,High,Low,Pass
333,Low,High,Hard,Medium,Medium,Pass
334,Medium,Medium,Easy,Medium,Low,Fail
335,Low,High,Hard,High,High,Pass
336,Medium,High,Hard,High,High,Pass
337,Medium,Low,Medium,Medium,Medium,Distinction
338,Medium,High,Hard,High,High,Distinction
339,Medium,Low,Easy,Low,Medium,Distinction
340,High,Low,Hard,Low,Low,Pass
341,Medium,High,Easy,High,High,Distinction
342,Medium,High,Medium,High,Low,Pass
343,High,Low,Hard,Medium,Low,Fail
344,Low,High,Medium,High,Medium,Pass
345,Medium,Medium,Medium,Medium,Low,Distinction
346,Medium,High,Hard,Medium,Medium,Pass
347,Low,Low,Easy,Medium,Medium,Pass
348,Low,Medium,Medium,Medium,Medium,Pass
349,Medium,Medium,Hard,High,High,Pass
350,Low,High,Easy,High,High,Distinction
351,Medium,Medium,Easy,Low,Medium,Distinction
352,Medium,High,Medium,High,Medium,Pass
353,Low,Medium,Medium,Medium,Medium,Pass
354,Medium,Medium,Easy,Medium,Low,Pass
355,Low,High,Easy,High,High,Distinction
356,High,Low,Easy,Low,Low,Pass
357,High,Medium,Medium,Medium,Medium,Pass
358,High,Low,Medium,High,High,Distinction
359,High,Low,Medium,Medium,Low,Fail
360,Low,Medium,Medium,Medium,Medium,Distinction
361,Low,Medium,Easy,Low,Medium,Distinction
362,Medium,Low,Easy,High,High,Distinction
363,Low,High,Medium,High,High,Distinction
364,High,Medium,Easy,Medium,Low,Pass
365,Medium,High,Medium,High,Medium,Distinction
366,High,Medium,Hard,Low,Low,Pass
367,Medium,High,Hard,Medium,High,Fail
368,Low,High,Medium,Medium,High,Pass
369,Medium,Medium,Easy,Medium,High,Distinction
370,Low,Low,Hard,Low,Medium,Fail
371,Low,Low,Medium,Low,Low,Fail
372,Low,Medium,Medium,Low,Low,Fail
373,Low,Medium,Medium,Low,Low,Fail
374,Low,High,Hard,High,High,Fail
375,Medium,Low,Medium,Low,Low,Fail
376,Medium,Medium,Easy,Low,Low,Pass
377,Medium,Low,Easy,Low,High,Pass
378,Medium,High,Medium,Medium,High,Distinction
379,High,Low,Medium,High,Medium,Pass
380,High,High,Easy,High,High,Distinction
381,Low,Medium,Hard,Low,Low,Fail
382,Medium,Medium,Medium,Medium,High,Pass
383,High,Medium,Easy,High,High,Distinction
384,Medium,Medium,Medium,Low,Medium,Pass
385,High,Low,Hard,Medium,Medium,Pass
386,High,Medium,Medium,High,Medium,Distinction
387,Medium,Medium,Easy,High,High,Pass
388,Medium,Low,Hard,Medium,Medium,Pass
389,High,Medium,Easy,Medium,Medium,Pass
390,Medium,Medium,Medium,Medium,High,Pass
391,Medium,Medium,Easy,Low,Low,Distinction
392,Low,High,Easy,Medium,Medium,Pass
393,Medium,Medium,Medium,Medium,Medium,Pass
394,High,Low,Hard,Medium,Medium,Fail
395,High,Low,Easy,Low,Low,Distinction
396,Low,Medium,Easy,Medium,Medium,Fail
397,Medium,Low,Medium,Low,Medium,Fail
398,High,High,Easy,Medium,High,Pass
399,Medium,Medium,Easy,High,High,Distinction
400,Medium,Medium,Medium,Medium,High,Distinction
401,High,High,Easy,High,Low,Fail
402,Low,Medium,Easy,Medium,Medium,Pass
403,Low,Medium,Easy,Medium,Medium,Pass
404,High,Medium,Medium,Low,Low,Fail
405,Low,Medium,Easy,Low,Medium,Distinction
406,Medium,Medium,Medium,Medium,High,Pass
407,Low,Low,Hard,Low,Low,Fail
408,Low,Medium,Hard,Medium,Medium,Fail
409,Low,High,Hard,Medium,High,Fail
410,High,Medium,Hard,Low,Medium,Pass
411,Low,High,Medium,Medium,High,Pass
412,High,High,Easy,High,High,Pass
413,High,Medium,Easy,Low,Low,Fail
414,Low,Medium,Easy,Medium,Medium,Pass
415,Low,Medium,Hard,High,High,Fail
416,High,High,Hard,High,High,Fail
417,High,Low,Hard,High,High,Pass
418,Medium,Medium,Easy,Medium,Medium,Pass
419,High,Low,Medium,Low,High,Pass
420,High,Medium,Easy,High,High,Distinction
421,Medium,Medium,Medium,Low,Low,Fail
422,Medium,Low,Easy,Medium,Medium,Pass
423,Medium,Medium,Medium,Medium,Low,Fail
424,High,Medium,Easy,High,High,Fail
425,High,Low,Medium,Low,Medium,Fail
426,High,Medium,Medium,Medium,Medium,Distinction
427,Low,Medium,Medium,Medium,Low,Pass
428,High,Low,Medium,Low,Low,Pass
429,Low,Medium,Hard,High,High,Fail
430,Low,Medium,Hard,Low,Low,Pass
431,Low,High,Hard,Low,High,Fail
432,Medium,Low,Medium,Low,Medium,Pass
433,Low,Medium,Medium,High,Low,Fail
434,High,Medium,Medium,High,Medium,Fail
435,Low,Low,Medium,Low,Medium,Pass
436,Medium,High,Medium,Medium,Medium,Pass
437,High,Medium,Easy,High,High,Pass
438,Low,Medium,Medium,Medium,High,Distinction
439,High,Low,Hard,Medium,Medium,Pass
440,High,High,Hard,Low,Low,Fail
441,Low,Low,Hard,Low,Medium,Pass
442,Medium,High,Easy,Medium,Medium,Pass
443,Medium,Medium,Easy,High,High,Pass
444,Medium,High,Medium,Low,Medium,Pass
445,High,Low,Easy,Medium,Medium,Pass
446,Medium,High,Hard,Low,Medium,Pass
447,Low,High,Medium,High,High,Pass
448,Low,High,Easy,High,High,Fail
449,High,Medium,Easy,High,High,Pass
450,Medium,Medium,Medium,Medium,Medium,Pass
451,Low,Medium,Hard,Low,Low,Fail
452,High,Low,Medium,Medium,Low,Pass
453,High,Medium,Hard,High,High,Pass
454,Medium,High,Easy,Low,Low,Pass
455,High,Low,Hard,High,High,Fail
456,Medium,Medium,Hard,Medium,Medium,Fail
457,Low,Medium,Medium,Medium,Medium,Pass
458,Medium,High,Easy,High,High,Pass
459,Low,Medium,Easy,Low,Medium,Distinction
460,High,Low,Medium,High,High,Pass
461,Medium,Low,Medium,Low,High,Distinction
462,Low,High,Hard,Medium,Medium,Fail
463,High,Low,Easy,Low,Medium,Fail
464,Medium,Medium,Hard,Low,Low,Fail
465,High,High,Hard,High,Medium,Fail
466,Low,High,Medium,Low,Low,Fail
467,Medium,Medium,Hard,Low,Low,Fail
468,Low,Low,Medium,Medium,Medium,Fail
469,High,Medium,Easy,Medium,Medium,Pass
470,Medium,Medium,Hard,Low,Low,Fail
471,High,Low,Medium,High,Medium,Fail
472,High,High,Easy,High,Medium,Pass
473,Medium,Medium,Easy,High,Low,Fail
474,High,Medium,Easy,High,High,Pass
475,Low,Medium,Easy,Medium,High,Pass
476,Low,Medium,Easy,Low,Low,Fail
477,High,Low,Medium,Low,Low,Fail
478,Medium,Low,Easy,Low,Low,Pass
479,Medium,Medium,Hard,High,High,Distinction
480,Medium,Medium,Medium,High,High,Pass
481,Low,Medium,Easy,High,High,Pass
482,High,Medium,Hard,High,High,Fail
483,Medium,Medium,Hard,High,Low,Distinction
484,Low,High,Hard,Medium,High,Distinction
485,Low,Medium,Hard,Medium,High,Fail
486,High,High,Medium,High,Medium,Distinction
487,High,Medium,Medium,Medium,Low,Fail
488,Low,Medium,Easy,High,Medium,Fail
489,High,High,Hard,High,Low,Fail
490,High,High,Hard,High,High,Pass
491,High,Medium,Easy,Medium,Low,Fail
492,High,High,Hard,High,Medium,Distinction
493,Medium,High,Hard,Medium,Medium,Fail
494,Medium,Medium,Easy,Medium,High,Distinction
495,Medium,High,Hard,Low,Medium,Distinction
496,High,Low,Medium,High,Medium,Pass
497,Low,High,Easy,High,Low,Pass
498,Medium,High,Medium,Medium,Low,Fail
499,Low,Low,Easy,Low,Medium,Distinction
500,High,Medium,Medium,High,Medium,Pass
501,High,Medium,Medium,Medium,Low,Pass
502,Low,Medium,Hard,Low,Low,Fail
503,High,Medium,Hard,Low,Low,Fail
504,Medium,Low,Hard,Low,Medium,Fail
505,Low,Low,Easy,Low,Medium,Pass
506,Low,Medium,Easy,Low,Low,Pass
507,Low,Medium,Medium,Low,Medium,Pass
508,Low,Low,Easy,Low,Low,Pass
509,Medium,Medium,Medium,Medium,Low,Pass
510,Low,High,Medium,Medium,Medium,Pass
511,Low,Medium,Easy,Medium,Medium,Fail
512,Medium,Medium,Hard,Medium,Medium,Pass
513,High,Medium,Medium,High,High,Distinction
514,Medium,Low,Hard,Medium,Medium,Distinction
515,High,Medium,Medium,Low,Medium,Fail
516,High,High,Hard,Medium,Medium,Distinction
517,Medium,High,Medium,High,Medium,Distinction
518,High,Low,Medium,Medium,Medium,Pass
519,Medium,High,Hard,High,High,Pass
520,Medium,Low,Medium,Medium,High,Distinction
521,Medium,Low,Easy,Medium,Medium,Pass
522,Medium,Medium,Medium,Low,Low,Fail
523,Medium,Medium,Easy,High,Medium,Pass
524,High,High,Hard,Low,Medium,Fail
525,Low,Medium,Medium,Low,Medium,Fail
526,High,Medium,Hard,Medium,Medium,Pass
527,Low,Low,Hard,Medium,High,Distinction
528,High,Medium,Easy,Medium,Medium,Fail
529,High,High,Easy,Medium,High,Distinction
530,Low,Medium,Hard,Medium,Medium,Pass
531,Medium,Medium,Easy,Low,Low,Pass
532,Low,High,Medium,Medium,Low,Pass
533,High,Medium,Easy,Medium,Low,Pass
534,High,High,Medium,High,Medium,Pass
535,Low,High,Hard,Low,High,Pass
536,Medium,Low,Easy,Medium,Medium,Distinction
537,Medium,Medium,Medium,Medium,Medium,Pass
538,Medium,High,Medium,Low,Low,Pass
539,High,Medium,Medium,High,Medium,Fail
540,Low,High,Medium,High,Medium,Pass
541,High,Medium,Easy,High,High,Distinction
542,High,Medium,Medium,High,High,Distinction
543,High,Medium,Medium,Medium,Low,Pass
544,Medium,Low,Hard,Low,Low,Pass
545,High,Medium,Medium,High,High,Distinction
546,Low,Low,Easy,Low,Medium,Distinction
547,Low,Medium,Medium,Low,Low,Pass
548,Medium,High,Medium,Medium,Medium,Distinction
549,Medium,High,Medium,High,Low,Pass
550,Medium,High,Medium,Medium,Low,Pass
551,Low,Low,Medium,Low,High,Pass
552,Medium,High,Hard,Medium,Medium,Fail
553,Medium,Low,Easy,Medium,Low,Pass
554,Medium,High,Easy,High,High,Pass
555,High,Medium,Easy,Medium,Medium,Fail
556,Medium,High,Easy,High,High,Pass
557,Medium,Medium,Easy,Medium,Medium,Pass
558,High,Medium,Easy,High,High,Pass
559,High,High,Medium,High,Medium,Fail
560,High,High,Medium,Medium,Medium,Fail
561,High,Medium,Easy,Medium,Medium,Fail
562,High,Medium,Medium,Low,High,Distinction
563,Medium,Low,Medium,Low,Low,Pass
564,Medium,Low,Medium,Medium,Medium,Pass
565,Medium,Medium,Medium,Low,Medium,Fail
566,High,Low,Easy,Low,Low,Fail
567,Low,Medium,Easy,Medium,Medium,Fail
568,Medium,Low,Hard,Low,Low,Pass
569,High,High,Medium,Medium,Low,Pass
570,High,Low,Easy,Low,High,Pass
571,Medium,Low,Easy,Low,Low,Pass
572,Medium,High,Easy,High,Low,Pass
573,Medium,Low,Medium,Low,Medium,Distinction
574,Low,High,Easy,Medium,High,Pass
575,Medium,High,Hard,High,High,Fail
576,Medium,Low,Hard,Low,Low,Fail
577,High,Medium,Easy,Medium,Medium,Fail
578,Medium,High,Hard,Low,High,Fail
579,Medium,Low,Easy,Low,Medium,Pass
580,High,Medium,Medium,High,High,Pass
581,Medium,High,Easy,High,Medium,Pass
582,Medium,Medium,Hard,Medium,High,Fail
583,Medium,Low,Hard,High,High,Fail
584,Medium,Low,Hard,Low,Low,Fail
585,Medium,Low,Medium,Medium,Medium,Distinction
586,Medium,Low,Medium,Medium,Low,Fail
587,Medium,Low,Easy,Medium,Medium,Pass
588,Medium,Low,Medium,High,Medium,Fail
589,Low,Medium,Medium,Medium,Medium,Pass
590,High,Low,Hard,Low,Low,Pass
591,High,Medium,Medium,High,Low,Fail
592,Low,High,Hard,Low,Medium,Fail
593,High,Medium,Medium,High,High,Pass
594,Medium,High,Hard,High,High,Pass
595,Medium,High,Easy,Medium,Medium,Fail
596,High,High,Medium,High,High,Pass
597,Medium,High,Easy,Medium,Medium,Distinction
598,Medium,Medium,Hard,High,High,Pass
599,High,High,Medium,Medium,Medium,Pass
600,High,Medium,Hard,High,High,Distinction
601,Medium,Low,Medium,Low,Low,Pass
602,High,Medium,Hard,High,High,Pass
603,Low,Medium,Medium,Medium,Medium,Pass
604,High,High,Easy,High,High,Distinction
605,Low,Low,Medium,Low,Medium,Fail
606,Low,Medium,Hard,Medium,Medium,Pass
607,Low,High,Easy,High,High,Distinction
608,High,Medium,Easy,High,High,Pass
609,Medium,High,Medium,High,High,Pass
610,Medium,Low,Easy,Medium,High,Distinction
611,High,High,Hard,High,High,Pass
612,Medium,High,Hard,Medium,Low,Pass
613,Low,Low,Medium,Low,Low,Pass
614,Low,Medium,Easy,Low,Medium,Pass
615,Low,Medium,Easy,High,High,Distinction
616,Medium,Medium,Medium,High,Medium,Fail
617,Low,Low,Medium,Low,Low,Fail
618,Low,Low,Medium,Low,Low,Pass
619,Medium,High,Hard,High,Low,Pass
620,Medium,High,Medium,High,High,Distinction
621,Medium,High,Hard,Medium,Medium,Fail
622,High,High,Medium,High,High,Fail
623,High,Low,Medium,High,Medium,Distinction
624,Medium,Low,Easy,Medium,High,Distinction
625,Medium,Low,Medium,Medium,High,Distinction
626,Medium,High,Hard,Medium,Medium,Fail
627,Low,Low,Hard,Low,Low,Fail
628,Low,Medium,Medium,Low,Low,Pass
629,Medium,Medium,Medium,High,High,Distinction
630,Low,High,Easy,High,Medium,Fail
631,High,Medium,Medium,High,High,Pass
632,Low,Medium,Hard,Medium,High,Fail
633,Medium,High,Hard,High,Medium,Distinction
634,Medium,Medium,Easy,Low,Low,Pass
635,High,Medium,Hard,High,Medium,Pass
636,Medium,Medium,Easy,Low,Medium,Pass
637,Low,High,Hard,High,High,Distinction
638,Medium,Medium,Easy,Low,Low,Pass
639,Medium,Medium,Easy,Medium,Low,Pass
640,High,Medium,Medium,High,Medium,Pass
641,Medium,Medium,Medium,Medium,Low,Fail
642,Low,High,Medium,High,Medium,Pass
643,High,Medium,Medium,Medium,Medium,Fail
644,Medium,High,Hard,Low,Low,Fail
645,High,Low,Easy,Low,Low,Fail
646,Medium,Medium,Medium,High,High,Pass
647,High,Medium,Hard,Medium,Low,Pass
648,High,Medium,Medium,High,Medium,Pass
649,Medium,High,Hard,High,Medium,Pass
650,Medium,Low,Hard,Medium,High,Pass
651,Medium,Medium,Easy,Medium,Low,Pass
652,Low,Low,Hard,Low,Low,Fail
653,Low,High,Medium,High,High,Distinction
654,High,Medium,Medium,Medium,Medium,Pass
655,Medium,High,Medium,Medium,High,Pass
656,Medium,High,Medium,Medium,Medium,Pass
657,Low,Low,Easy,Low,Low,Fail
658,Medium,High,Easy,Medium,High,Distinction
659,Medium,Medium,Easy,Low,Medium,Fail
660,Low,Medium,Easy,Medium,Low,Pass
661,Low,Medium,Easy,High,High,Distinction
662,Low,High,Medium,Low,Low,Fail
663,High,High,Easy,High,High,Distinction
664,High,Low,Medium,Low,Medium,Pass
665,Medium,Medium,Easy,Medium,Low,Fail
666,High,Medium,Medium,Low,Low,Fail
667,Medium,Low,Hard,Medium,Low,Fail
668,Low,Medium,Hard,High,High,Pass
669,Medium,Medium,Easy,Medium,Low,Pass
670,High,Medium,Medium,High,High,Distinction
671,Low,Low,Medium,Low,Medium,Pass
672,High,Medium,Easy,High,High,Distinction
673,Low,Low,Medium,Low,Low,Fail
674,Low,Medium,Easy,High,High,Pass
675,Low,Medium,Hard,Low,Medium,Pass
676,Medium,Medium,Easy,Medium,Medium,Pass
677,High,High,Medium,High,High,Distinction
678,Low,Low,Medium,Low,Low,Pass
679,High,Low,Hard,Low,Low,Fail
680,High,Medium,Easy,Medium,Low,Fail
681,Medium,High,Medium,Medium,Medium,Pass
682,High,High,Medium,High,Medium,Pass
683,High,Medium,Easy,High,High,Pass
684,Low,Low,Easy,Low,Low,Distinction
685,High,Medium,Medium,High,High,Distinction
686,Low,Low,Easy,Medium,High,Pass
687,High,Medium,Medium,Medium,High,Pass
688,Low,Medium,Easy,Low,Low,Distinction
689,High,High,Hard,High,High,Pass
690,High,Medium,Hard,High,High,Pass
691,Medium,Medium,Easy,Low,Low,Pass
692,High,Medium,Easy,Medium,High,Distinction
693,Low,High,Easy,Low,Medium,Distinction
694,Low,High,Medium,Medium,High,Pass
695,High,Medium,Hard,Medium,Low,Pass
696,High,Low,Easy,Low,Medium,Pass
697,Low,High,Medium,Medium,Medium,Pass
698,Medium,Low,Medium,Medium,Medium,Distinction
699,High,High,Medium,High,High,Pass
700,Low,Medium,Easy,Medium,Medium,Pass
701,Medium,Medium,Medium,Low,High,Distinction
702,Medium,Medium,Easy,Low,Low,Fail
703,Medium,Medium,Medium,Low,Low,Pass
704,Medium,Medium,Easy,Medium,Medium,Distinction
705,Low,Low,Easy,Low,Low,Fail
706,Low,Low,Medium,Low,Low,Distinction
707,Low,High,Easy,Medium,High,Distinction
708,Medium,High,Hard,Medium,Medium,Pass
709,Medium,Medium,Easy,High,High,Distinction
710,Medium,Medium,Medium,Medium,High,Pass
711,Low,Low,Hard,High,Medium,Pass
712,Medium,Low,Hard,Low,Medium,Pass
713,High,High,Medium,Medium,Medium,Fail
714,Low,High,Medium,Medium,Medium,Distinction
715,Low,Low,Easy,Low,Low,Fail
716,Medium,Medium,Medium,High,Medium,Pass
717,High,Medium,Easy,Low,Medium,Pass
718,High,High,Easy,Medium,Low,Fail
719,High,Medium,Easy,Medium,High,Pass
720,Low,Low,Medium,Medium,Medium,Fail
721,Low,Medium,Easy,Medium,Low,Pass
722,High,Medium,Medium,High,High,Pass
723,Medium,High,Medium,Medium,Medium,Pass
724,Medium,Medium,Medium,Medium,Medium,Pass
725,Medium,High,Medium,Medium,Medium,Pass
726,Low,High,Hard,Medium,Medium,Fail
727,High,High,Medium,Low,Low,Fail
728,Low,Low,Medium,Low,Low,Fail
729,Low,High,Medium,Medium,Medium,Pass
730,Low,High,Hard,High,High,Pass
731,High,High,Medium,High,Medium,Pass
732,Medium,Medium,Easy,Medium,Low,Fail
733,Low,Medium,Easy,Low,Low,Pass
734,High,Low,Easy,Medium,Medium,Pass
735,High,High,Medium,High,Medium,Distinction
736,High,Low,Hard,Low,Low,Fail
737,High,High,Hard,Medium,High,Pass
738,High,Medium,Hard,Low,Low,Pass
739,Medium,High,Medium,High,Medium,Pass
740,Medium,Low,Hard,Medium,Medium,Pass
741,Low,High,Hard,Low,Low,Fail
742,Medium,Low,Easy,Low,Medium,Fail
743,Low,High,Medium,Medium,Medium,Fail
744,Low,Low,Medium,Medium,High,Distinction
745,Low,Medium,Hard,Medium,Low,Fail
746,High,High,Hard,High,High,Fail
747,Medium,Medium,Easy,High,High,Pass
748,Low,Medium,Easy,Low,Low,Pass
749,Low,High,Hard,Medium,Low,Fail
750,Low,Medium,Medium,Low,Medium,Pass
751,Low,Low,Hard,Medium,Low,Pass
752,Medium,Medium,Medium,Medium,Medium,Pass
753,Medium,Medium,Medium,Low,Low,Fail
754,High,Low,Hard,Low,Low,Fail
755,Medium,High,Medium,Medium,Medium,Pass
756,Medium,Medium,Easy,High,Medium,Pass
757,High,Low,Hard,Low,Low,Pass
758,Medium,Medium,Hard,High,Medium,Fail
759,Low,Medium,Hard,High,Low,Pass
760,Medium,Low,Medium,Low,Medium,Fail
761,High,Medium,Easy,High,Medium,Pass
762,Medium,High,Easy,Medium,Medium,Pass
763,Low,High,Medium,Medium,Medium,Distinction
764,Medium,Medium,Hard,Medium,Medium,Pass
765,Medium,Low,Hard,High,Medium,Distinction
766,Medium,Medium,Hard,High,High,Pass
767,High,Medium,Medium,Medium,High,Fail
768,High,Medium,Easy,High,High,Distinction
769,Low,Low,Medium,Low,Low,Pass
770,Low,High,Easy,Medium,High,Distinction
771,High,High,Easy,High,High,Distinction
772,High,Medium,Medium,High,High,Fail
773,Low,High,Medium,High,High,Distinction
774,High,Low,Medium,Medium,Low,Pass
775,Medium,Medium,Easy,Medium,Low,Pass
776,Low,Low,Hard,Low,Low,Fail
777,Medium,Low,Easy,Low,Low,Fail
778,Medium,Low,Medium,Low,Low,Pass
779,Low,Low,Medium,Low,Medium,Fail
780,Medium,High,Easy,Low,Medium,Pass
781,High,Low,Medium,Medium,Medium,Pass
782,Medium,Low,Medium,High,High,Distinction
783,Medium,Low,Easy,Medium,Low,Pass
784,High,High,Easy,Medium,High,Distinction
785,High,High,Easy,High,Medium,Pass
786,Low,Low,Medium,Low,Low,Fail
787,Medium,High,Easy,High,Low,Pass
788,Medium,Low,Easy,Low,Medium,Pass
789,Low,Medium,Easy,Low,Low,Pass
790,Medium,High,Easy,High,High,Pass
791,Medium,High,Easy,Medium,High,Distinction
792,Low,Medium,Medium,High,Low,Fail
793,Medium,Medium,Medium,Low,Low,Fail
794,Medium,Low,Hard,Medium,High,Pass
795,High,High,Hard,Low,Low,Fail
796,Low,High,Medium,Low,Low,Distinction
797,Medium,Medium,Easy,Low,Low,Distinction
798,High,Medium,Medium,Medium,Low,Pass
799,High,High,Medium,High,High,Pass
800,High,High,Easy,High,High,Pass
801,Medium,High,Easy,Medium,High,Distinction
802,High,High,Medium,High,High,Distinction
803,High,High,Easy,High,Medium,Pass
804,High,Medium,Easy,High,Medium,Pass
805,Medium,Medium,Medium,Medium,Medium,Pass
806,High,Medium,Hard,Medium,Low,Fail
807,Low,High,Easy,Low,Low,Pass
808,High,High,Easy,High,High,Distinction
809,Medium,Medium,Medium,Low,Low,Fail
810,High,Medium,Medium,High,High,Pass
811,Medium,High,Hard,Medium,Medium,Pass
812,Low,High,Medium,Medium,Medium,Pass
813,Medium,Medium,Easy,Low,Low,Fail
814,High,Medium,Medium,High,Low,Pass
815,Low,High,Medium,High,Medium,Pass
816,High,Medium,Easy,Medium,Medium,Pass
817,Medium,High,Easy,Medium,Medium,Pass
818,High,High,Hard,Medium,Low,Fail
819,Medium,Medium,Medium,High,High,Distinction
820,Medium,Medium,Hard,High,High,Pass
821,Low,High,Easy,High,High,Pass
822,High,Medium,Medium,Low,Low,Fail
823,Medium,Medium,Medium,High,High,Fail
824,High,Low,Medium,Medium,Medium,Fail
825,Medium,Low,Medium,Medium,Medium,Distinction
826,Low,Low,Medium,Low,Medium,Pass
827,High,Medium,Hard,Low,Low,Fail
828,Medium,Medium,Medium,Medium,High,Pass
829,Medium,Medium,Hard,Low,Low,Fail
830,Medium,Low,Medium,Medium,Medium,Fail
831,Medium,Medium,Medium,Medium,Medium,Pass
832,Low,High,Medium,High,High,Distinction
833,High,High,Easy,High,Medium,Pass
834,High,Medium,Easy,High,High,Distinction
835,Medium,Low,Medium,Medium,High,Fail
836,Low,Medium,Easy,Medium,High,Distinction
837,Medium,Medium,Medium,Medium,Low,Fail
838,Low,High,Medium,Medium,Medium,Fail
839,Medium,Medium,Hard,Medium,Low,Fail
840,Medium,Medium,Medium,High,High,Distinction
841,Medium,Medium,Hard,Medium,Medium,Pass
842,Medium,High,Hard,Medium,Medium,Fail
843,Medium,Low,Medium,Medium,High,Pass
844,High,Medium,Easy,High,High,Distinction
845,Medium,Medium,Medium,High,High,Distinction
846,Medium,Low,Medium,Low,Low,Fail
847,High,Low,Medium,Low,Medium,Pass
848,High,Medium,Easy,Medium,Medium,Pass
849,High,High,Medium,High,Medium,Distinction
850,High,High,Medium,Medium,Medium,Pass
851,High,Medium,Easy,High,High,Distinction
852,Low,Medium,Easy,Medium,Medium,Pass
853,Medium,Medium,Hard,Medium,Low,Fail
854,Medium,Medium,Easy,Low,Low,Fail
855,Medium,Medium,Easy,Medium,Medium,Fail
856,High,Medium,Easy,Low,Medium,Pass
857,Medium,Low,Medium,Medium,Low,Fail
858,Medium,Low,Medium,Medium,High,Distinction
859,Medium,Medium,Hard,Medium,Medium,Pass
860,High,High,Medium,Medium,High,Distinction
861,Medium,Medium,Medium,Medium,Medium,Fail
862,Low,High,Medium,High,Medium,Pass
863,Medium,High,Hard,Medium,Low,Fail
864,Medium,Medium,Easy,High,High,Pass
865,Low,High,Hard,Medium,Medium,Pass
866,Medium,Medium,Medium,Medium,Medium,Distinction
867,Medium,Medium,Hard,Medium,High,Pass
868,High,Medium,Easy,High,Low,Distinction
869,Medium,Medium,Medium,Medium,Medium,Distinction
870,Low,High,Easy,Low,Medium,Distinction
871,Medium,Medium,Medium,Low,Medium,Distinction
872,High,Medium,Easy,Low,Low,Pass
873,Medium,Medium,Easy,Medium,Medium,Pass
874,High,Medium,Hard,Medium,High,Pass
875,Low,Low,Hard,Low,Low,Fail
876,Medium,Medium,Easy,Medium,High,Pass
877,High,High,Easy,High,Medium,Pass
878,Medium,Medium,Medium,Medium,Medium,Fail
879,Medium,High,Hard,Medium,High,Pass
880,Low,Low,Easy,Medium,Medium,Pass
881,High,Low,Medium,Medium,Medium,Pass
882,Medium,Medium,Easy,Medium,Medium,Pass
883,Medium,Low,Medium,Medium,High,Pass
884,Medium,Medium,Medium,Medium,High,Pass
885,High,Low,Medium,Medium,Low,Pass
886,High,High,Hard,High,Low,Pass
887,Low,Medium,Hard,High,Low,Fail
888,High,Medium,Easy,Medium,High,Pass
889,Medium,Medium,Hard,Medium,High,Distinction
890,Low,Low,Hard,Medium,Medium,Pass
891,Low,Medium,Easy,Low,High,Distinction
892,Medium,Medium,Easy,Medium,High,Pass
893,Low,Medium,Hard,Low,Low,Fail
894,Medium,Low,Medium,Medium,Medium,Pass
895,Medium,High,Hard,Medium,Low,Fail
896,High,Low,Medium,High,High,Pass
897,Medium,Medium,Easy,Medium,Medium,Pass
898,High,Low,Easy,Medium,Medium,Pass
899,High,Medium,Medium,High,High,Pass
900,High,Low,Hard,Medium,Medium,Distinction
901,Medium,Low,Hard,Medium,High,Pass
902,High,High,Medium,Medium,Low,Pass
903,Medium,High,Hard,High,High,Fail
904,Medium,Medium,Easy,Medium,Medium,Distinction
905,Low,Low,Easy,Low,Low,Fail
906,Low,Low,Easy,Medium,Medium,Distinction
907,High,Medium,Hard,Low,Medium,Fail
908,Medium,High,Medium,High,High,Distinction
909,Low,Medium,Hard,Medium,High,Pass
910,Medium,High,Hard,Medium,Low,Fail
911,High,Medium,Medium,Low,High,Pass
912,Medium,Medium,Hard,Medium,Low,Fail
913,Low,High,Easy,Medium,High,Distinction
914,Low,Low,Medium,Low,Low,Pass
915,Low,Medium,Hard,Medium,Medium,Pass
916,High,Medium,Medium,High,High,Pass
917,High,High,Hard,High,Low,Pass
918,High,Medium,Medium,High,Medium,Pass
919,Medium,Medium,Hard,Low,Low,Pass
920,Low,Medium,Hard,Medium,Low,Fail
921,Medium,Low,Medium,High,High,Pass
922,Low,Medium,Hard,Low,Low,Pass
923,Medium,Medium,Easy,Medium,Medium,Pass
924,High,Medium,Hard,Low,Low,Pass
925,Low,Low,Hard,Low,Low,Pass
926,High,Low,Medium,High,Low,Fail
927,Medium,Medium,Hard,Low,Medium,Fail
928,Low,Low,Medium,Medium,Medium,Fail
929,Medium,High,Easy,Medium,High,Pass
930,High,Medium,Hard,High,High,Pass
931,High,Medium,Easy,High,High,Distinction
932,Medium,Medium,Easy,Low,Low,Pass
933,Medium,Medium,Hard,Low,Low,Pass
934,Medium,High,Easy,Medium,Low,Fail
935,Low,Medium,Hard,Low,Medium,Pass
936,Medium,Low,Medium,Medium,Medium,Distinction
937,Medium,Low,Easy,Low,High,Distinction
938,High,Medium,Easy,Medium,Low,Pass
939,Low,Medium,Hard,Medium,Low,Pass
940,Medium,Medium,Easy,High,High,Distinction
941,Medium,Low,Medium,Low,Medium,Pass
942,Medium,Medium,Hard,High,Low,Pass
943,High,Low,Hard,Medium,Low,Pass
944,High,Medium,Medium,Medium,Medium,Pass
945,High,Medium,Easy,High,High,Pass
946,Low,Medium,Medium,High,Medium,Distinction
947,Medium,Medium,Easy,Medium,Medium,Distinction
948,Low,Low,Medium,Low,Low,Pass
949,Medium,Low,Medium,High,High,Distinction
950,Medium,Medium,Easy,High,High,Pass
951,High,Medium,Hard,High,High,Pass
952,High,High,Easy,High,High,Distinction
953,Medium,Low,Medium,Low,High,Fail
954,Medium,High,Easy,Medium,Medium,Distinction
955,High,Medium,Easy,High,Low,Pass
956,High,Low,Easy,Medium,Low,Pass
957,Medium,High,Hard,High,Low,Fail
958,High,High,Medium,High,Medium,Pass
959,Medium,High,Easy,High,Medium,Fail
960,Medium,Medium,Hard,Medium,High,Distinction
961,Low,High,Hard,Low,High,Pass
962,High,Low,Medium,Medium,Medium,Fail
963,Medium,Low,Hard,Low,High,Pass
964,Low,Medium,Hard,Medium,High,Pass
965,High,Low,Medium,Low,Medium,Pass
966,Low,Medium,Medium,Medium,Low,Pass
967,Medium,Medium,Easy,Medium,High,Distinction
968,High,High,Easy,High,High,Pass
969,High,Medium,Hard,Low,Low,Pass
970,Medium,High,Medium,High,Medium,Distinction
971,Medium,Low,Medium,Low,Medium,Pass
972,Low,High,Easy,High,High,Pass
973,Medium,Medium,Medium,Medium,Medium,Distinction
974,Medium,Medium,Easy,High,Medium,Pass
975,Medium,High,Hard,Low,Low,Fail
976,Low,High,Hard,Low,High,Distinction
977,Medium,Medium,Easy,Low,Low,Fail
978,Low,Medium,Easy,Medium,Low,Fail
979,Medium,Medium,Medium,Low,Low,Pass
980,Medium,Medium,Easy,Medium,Medium,Fail
981,High,High,Medium,High,High,Pass
982,High,High,Medium,Medium,Medium,Distinction
983,Medium,Medium,Hard,High,Medium,Pass
984,Medium,Medium,Hard,Medium,Low,Fail
985,Medium,Medium,Easy,High,Medium,Fail
986,Medium,Medium,Medium,Low,Low,Fail
987,Medium,Medium,Hard,High,Medium,Fail
988,High,Medium,Medium,Medium,Medium,Distinction
989,High,Low,Hard,Medium,High,Distinction
990,Low,High,Hard,Medium,High,Fail
991,Medium,Low,Easy,Low,Medium,Distinction
992,Low,High,Hard,Low,Low,Pass
993,Medium,Medium,Hard,High,Medium,Fail
994,Medium,Medium,Easy,High,High,Pass
995,Medium,Medium,Easy,Low,Low,Distinction
996,High,Medium,Medium,High,High,Pass
997,Medium,Low,Easy,Low,High,Pass
998,High,Medium,Medium,High,High,Pass
999,Medium,Low,Medium,Medium,High,Pass
1000,Low,Medium,Hard,Low,Low,Fail
